*,Estimation,Status,By,RemTime,IdLink,DependsOn
,,,,,-->Tasks\..<Folder><,
,,,,,-->Tasks\Archive\..<Folder>.Items<,
,,,,,-->Tasks\Archive\PublicRelations\..<Folder>.Items.Items<,
,,,,,-->Tasks\Documents\..<Folder>.Items<,
,,,,,-->Tasks\Management\..<Folder>.Items<,
,,,,,-->Tasks\Miscellaneous\..<Folder>.Items<,
,,,,,-->Tasks\Processes\..<Folder>.Items<,
,,,,,-->Tasks\PublicRelations\..<Folder>.Items<,
,,,,,-->Tasks\Software\..<Folder>.Items<,
,,,,,-->Tasks\Software\F2FileToHtmlConverter\..<Folder>.Items.Items<,
,,,,,-->Tasks\Software\F2FinanceHelper\..<Folder>.Items.Items<,
,,,,,-->Tasks\Software\F2ToolsExtension\..<Folder>.Items.Items<,
,,,,,-->Tasks\Software\F2ToolsExtensionContent\..<Folder>.Items.Items<,
,,,,,-->Tasks\Software\TheF2Tool\..<Folder>.Items.Items<,
,,,,,-->Tasks\Website\..<Folder>.Items<,